{"cameraMode":{"drawMode":0,"name":"Shaded","section":"Shading Mode"},"sceneLighting":true,"audioPlay":false,"sceneViewState":{"m_AlwaysRefresh":false,"showFog":true,"showSkybox":true,"showFlares":true,"showImageEffects":true,"showParticleSystems":true,"showVisualEffectGraphs":true,"m_FxEnabled":true},"in2DMode":false,"pivot":{"x":0.17332911491394044,"y":0.23240573704242707,"z":1.489608645439148},"rotation":{"x":0.006881192792207003,"y":0.04317378252744675,"z":-0.0005431306781247258,"w":0.9991497993469238},"size":3.6222970485687258,"orthographic":true}