{"cameraMode":{"drawMode":0,"name":"Shaded","section":"Shading Mode"},"sceneLighting":true,"audioPlay":false,"sceneViewState":{"m_AlwaysRefresh":false,"showFog":true,"showSkybox":true,"showFlares":true,"showImageEffects":true,"showParticleSystems":true,"showVisualEffectGraphs":true,"m_FxEnabled":true},"in2DMode":false,"pivot":{"x":0.7060761451721191,"y":-0.6105713248252869,"z":2.1406030654907228},"rotation":{"x":-0.0335560217499733,"y":0.14465059340000153,"z":-0.004787173122167587,"w":-0.9890314936637878},"size":1.364355444908142,"orthographic":true}