{"cameraMode":{"drawMode":0,"name":"Shaded","section":"Shading Mode"},"sceneLighting":true,"audioPlay":false,"sceneViewState":{"m_AlwaysRefresh":false,"showFog":true,"showSkybox":true,"showFlares":true,"showImageEffects":true,"showParticleSystems":true,"showVisualEffectGraphs":true,"m_FxEnabled":true},"in2DMode":false,"pivot":{"x":1.3995189666748047,"y":1.3436377048492432,"z":1.3480424880981446},"rotation":{"x":0.20838548243045808,"y":-0.24528877437114716,"z":0.05382160469889641,"w":0.9453698992729187},"size":6.143340587615967,"orthographic":true}