{"cameraMode":{"drawMode":0,"name":"Shaded","section":"Shading Mode"},"sceneLighting":true,"audioPlay":false,"sceneViewState":{"m_AlwaysRefresh":false,"showFog":true,"showSkybox":true,"showFlares":true,"showImageEffects":true,"showParticleSystems":true,"showVisualEffectGraphs":true,"m_FxEnabled":true},"in2DMode":false,"pivot":{"x":0.3153402805328369,"y":0.7096471190452576,"z":3.2421646118164064},"rotation":{"x":0.3033905327320099,"y":0.3696381151676178,"z":-0.12909343838691712,"w":0.8687103390693665},"size":3.4039416313171388,"orthographic":true}